1,'alfred_calderon','ethanconner@example.org','4^86mYZO&q','Alfred','Calderon','1912-07-13','Other','319-832-8361','https://placekitten.com/586/735','https://picsum.photos/613/175','Bio of Alfred Calderon','https://www.thomas.com/','2021-02-11 01:42:30.338914','2014-06-26 19:32:09.254319',false,false,false,'t0tgqd','2023-11-12 22:16:42.805883',3,'2021-10-25 18:12:19.602545','2018-05-25 19:34:43.349076','Suspicious activity','8298 Christy Common Suite 456','Christophermouth','Minnesota','Mozambique','70177','What is the make and model of your first car?','purpose','What is your favorite food?','service','2019-01-22 09:02:43.217797',true,true,'Norwegian','Africa/Conakry','Advertising account planner','Sports','Prekindergarten','Widowed',2
2,'perry_hubbard','jesusmercer@example.org','tL7YfvjU#M','Perry','Hubbard','1973-08-24','Other','(670)300-0873','https://dummyimage.com/80x805','https://dummyimage.com/471x246','Bio of Perry Hubbard','https://www.wilkerson.com/','2022-04-11 18:52:05.70377','2022-05-01 10:57:14.839977',false,false,false,'yzyekq','2022-01-09 06:47:33.139925',3,'2018-02-05 23:34:53.343835',NULL,NULL,'9880 Norman Avenue Apt. 472','North Samanthahaven','Tennessee','Iraq','11019','What is the make and model of your first car?','society','What is your favorite movie?','see','2022-11-11 05:00:55.489776',true,false,'Welsh','Indian/Mahe',"'Designer, blown glass/stained glass'",'Gardening','Middle','Widowed',3
3,'danielle_brown','samuelpowers@example.org','*6$Jll8FvV','Danielle','Brown','1914-08-04','Female','454-261-7701','https://picsum.photos/724/537','https://dummyimage.com/250x646','Bio of Danielle Brown','https://www.white.com/','2018-12-12 01:12:06.93894','2023-01-06 11:27:52.906936',false,true,false,'ybms2b','2016-01-05 01:02:34.478966',3,'2022-06-17 02:01:29.998277',NULL,NULL,'700 Nichols Haven','Port Christinechester','Maryland','Montserrat','50243','What is the name of your first pet?','professional','What is your favorite food?','parent','2019-07-26 16:49:34.923597',true,false,'Dzongkha','Asia/Dushanbe','Broadcast engineer','Gardening','High','In a relationship',2
4,'beth_rowe','hjoseph@example.net','@5Ds%Eo+D0','Beth','Rowe','1974-05-26','Female','223-476-0808','https://picsum.photos/710/526','https://placekitten.com/146/655','Bio of Beth Rowe','https://www.williams-palmer.com/','2014-06-26 07:56:24.837346','2020-04-02 04:28:58.361371',false,false,true,'6plgzo','2020-12-31 16:35:08.928082',1,'2020-12-10 03:54:28.113209','2019-03-01 01:51:19.369821','Security concerns','72846 Nguyen Row Apt. 008','Jacobtown','Vermont','Comoros','62330','What is your favorite movie?','in','What is your mother''s maiden name?','today','2017-02-05 06:12:20.640076',false,true,'Japanese','Asia/Riyadh',"'Lecturer, further education'",'Science','Elementary','In a relationship',2
5,'tonya_tapia','probinson@example.com','86ZfSVlI_p','Tonya','Tapia','1935-11-14','Female','6997623964','https://picsum.photos/3/314','https://dummyimage.com/509x600','Bio of Tonya Tapia','https://www.thompson.com/','2023-07-11 07:31:44.223241','2014-09-26 17:57:23.103652',true,false,true,'wyfrel','2015-05-26 04:49:32.021088',3,'2023-03-19 07:46:26.562547',NULL,NULL,'4403 John Station Suite 594','Port Annettestad','Wisconsin','Spain','47125','What is your favorite color?','effort','What is the name of your elementary school?','write','2015-02-15 20:20:39.199464',false,true,'Malayalam','Europe/Luxembourg','Dancer','Travel','Elementary','Widowed',2
6,'melissa_finley','dstanley@example.com','_s7^%sEZi%','Melissa','Finley','1927-06-11','Female','(946)674-8032','https://dummyimage.com/600x146','https://placekitten.com/656/352','Bio of Melissa Finley','http://www.hall.net/','2018-06-06 11:09:04.577262','2018-04-12 02:18:37.872138',false,false,false,'ardv2h','2018-02-07 08:36:17.122709',1,'2015-03-03 03:06:04.85209',NULL,NULL,'6687 Shawn Freeway Suite 987','Karenfort','Delaware','Syrian Arab Republic','45336','What is the name of your best friend in high school?','should','What is the make and model of your first car?','clear','2023-06-25 05:05:34.520675',true,true,'Cornish','Africa/Bangui','Microbiologist','Gardening','Middle','In a relationship',3
7,'david_hill','pattersonnicholas@example.com','aF8eYsIi!w','David','Hill','1918-09-20','Male','9532968553','https://placekitten.com/515/887','https://picsum.photos/356/719','Bio of David Hill','https://www.clark-rose.net/','2021-07-07 22:31:52.439137','2023-06-18 15:03:02.460401',false,false,true,'v61082','2015-12-23 07:19:29.527148',1,'2022-07-09 21:16:22.981578',NULL,NULL,'26806 Bradley Brooks','Irwinbury','Arkansas','Azerbaijan','48357','What is the name of your elementary school?','themselves','What is your mother''s maiden name?','from','2019-08-11 23:27:06.075894',true,false,'Akan','Europe/Andorra',"'Editor, magazine features'",'Cooking','Elementary','Divorced',3
8,'lisa_wells','christopheralexander@example.com','2aG4T(tO$u','Lisa','Wells','2013-11-21','Other','361-309-1932','https://placekitten.com/16/877','https://dummyimage.com/436x932','Bio of Lisa Wells','http://davis.com/','2020-12-18 05:41:31.734076','2014-11-21 08:18:26.097196',false,true,true,'zwwh2n','2019-09-29 05:54:15.603931',2,'2019-04-25 19:32:43.862982',NULL,NULL,'756 Spence Prairie Apt. 394','West Joseph','Virginia','Pakistan','97475','What is your favorite movie?','tree','What is the name of your best friend in high school?','artist','2021-01-02 17:18:07.443397',true,true,'Corsican','Africa/Bangui',"'Editor, commissioning'",'Gardening','Elementary','Single',1
9,'tanya_morton','annette21@example.com','Rr)341CVq%','Tanya','Morton','1994-11-11','Other','(772)451-7149','https://dummyimage.com/448x68','https://placekitten.com/34/700','Bio of Tanya Morton','http://www.flores.com/','2018-03-12 16:16:26.53244','2016-10-03 20:40:56.055088',true,false,true,'4x47x6','2015-05-17 06:36:39.463948',1,'2020-08-14 21:09:21.038316','2016-06-18 00:37:33.730894','Multiple failed attempts','54304 Rivas Forge','Port Jennifer','New Jersey','Central African Republic','83273','What is your favorite food?','large','What is the name of your best friend in high school?','local','2018-07-07 02:15:26.363749',true,true,'Assamese','Europe/Copenhagen',"'Surveyor, rural practice'",'Cooking','Elementary','Single',3
10,'jennifer_flores','qtaylor@example.org','Vy4knIW%*4','Jennifer','Flores','1952-05-30','Female','9366085508','https://placekitten.com/71/391','https://placekitten.com/688/636','Bio of Jennifer Flores','https://www.hines-martinez.net/','2016-11-22 22:40:04.672082','2019-10-15 21:55:37.504817',true,false,false,'xh6ir2','2022-10-22 00:24:27.253839',1,'2017-03-01 17:40:29.46826','2021-12-22 18:27:55.543485','Security concerns','2929 Christopher Lodge Suite 911','Tiffanyville','Michigan','Switzerland','34978','What is the name of your elementary school?','fall','What is your favorite food?','something','2016-09-21 14:07:36.965442',true,false,'Somali','America/Montevideo','Actuary','Music','High','Single',1
11,'kristy_burton','mackenzie65@example.net','*YmGvQj1M4','Kristy','Burton','1945-08-04','Female','(610)397-2458','https://dummyimage.com/991x723','https://picsum.photos/849/931','Bio of Kristy Burton','http://www.kent.com/','2017-01-14 12:42:03.821503','2016-03-09 07:35:38.067736',true,true,true,'31nfif','2019-01-05 20:37:15.903016',3,'2017-05-03 01:51:34.77496','2015-09-05 15:02:31.070899','Multiple failed attempts','600 Michael Drive Suite 579','Franciscoshire','Massachusetts','Falkland Islands (Malvinas)','69435','What is the name of your first pet?','lead','What is your favorite movie?','but','2022-08-01 15:21:44.992037',false,true,'Western Frisian','Europe/Zurich','Nature conservation officer','Music','High','Single',1
12,'debra_romero','paulasteele@example.com','!(MBdUjUb3','Debra','Romero','1964-06-08','Other','6197799887','https://picsum.photos/655/700','https://dummyimage.com/284x129','Bio of Debra Romero','https://bell.com/','2014-05-17 10:00:51.922139','2014-05-13 22:01:45.462584',true,true,false,'5pqtob','2020-06-29 17:31:08.868028',1,'2015-04-23 15:12:10.630471','2019-03-21 11:15:02.934417','Suspicious activity','6010 Manning Views','East Ryanport','Georgia','Burkina Faso','64636','What is your favorite color?','require','What is the name of your first pet?','serve','2016-07-12 02:12:01.908003',true,true,'Igbo','Africa/Freetown','Air cabin crew','Cooking','Middle','Married',3
13,'daniel_gibson','tamiflores@example.net','F$1U7yCl5&','Daniel','Gibson','1917-03-14','Male','387-299-1135','https://placekitten.com/544/926','https://picsum.photos/296/551','Bio of Daniel Gibson','http://johnson.com/','2017-04-02 19:56:41.168133','2019-06-06 08:49:26.655844',true,true,true,'5nioa9','2022-02-04 20:38:25.025846',3,'2023-05-30 10:24:10.005176',NULL,NULL,'89339 Charles Estate','Hunterhaven','Virginia','Papua New Guinea','85634','What is the name of your elementary school?','beautiful','What is the name of your first pet?','ground','2021-01-14 06:30:22.790801',true,true,'Nauru','Africa/Accra','IT trainer','Gardening','Elementary','Single',2
14,'francis_beck','michaelfranco@example.com','*5rWz*Tb3%','Francis','Beck','1957-01-29','Male','760-292-8527','https://picsum.photos/29/624','https://placekitten.com/33/64','Bio of Francis Beck','http://www.cherry-baker.info/','2023-11-22 18:06:06.197371','2019-06-01 21:37:18.360355',false,true,true,'2fd33e','2019-06-07 08:14:50.873911',1,'2022-10-05 09:50:06.744795','2021-11-14 15:12:20.398222','Multiple failed attempts','83545 Robinson Keys','New Michaelside','Rhode Island','Sierra Leone','16427','What is the name of your first pet?','ok','What is the make and model of your first car?','up','2018-07-27 13:41:35.471283',true,false,'Quechua','Asia/Bishkek','Insurance claims handler','Cooking','Elementary','Single',1
15,'andrew_alexander','chrisholt@example.net','S8)QzDzc^T','Andrew','Alexander','2001-06-23','Other','2822009654','https://dummyimage.com/660x418','https://picsum.photos/4/408','Bio of Andrew Alexander','http://ward-smith.com/','2016-11-03 12:09:00.9411','2015-03-30 00:30:55.791551',true,true,false,'tgtkda','2021-04-13 04:58:46.717567',1,'2017-05-17 01:05:56.464652','2021-01-17 05:15:34.844423','Multiple failed attempts','7958 Kelly Summit Apt. 699','East Victoriatown','Maine','Mauritius','50492','What is the name of your first pet?','quickly','What is the name of your best friend in high school?','seven','2019-04-12 00:00:14.364752',true,false,'Komi','America/Dominica','Police officer','Science','High','Married',3
16,'jose_barry','haley98@example.com','DN5^ZnWTK(','Jose','Barry','1911-06-10','Male','255-385-1943','https://placekitten.com/373/277','https://dummyimage.com/853x546','Bio of Jose Barry','http://www.morgan-beasley.info/','2020-07-31 20:44:51.998121','2017-07-21 06:34:43.841298',true,false,true,'cqjn9y','2023-08-27 02:11:04.635788',1,'2021-04-17 09:39:38.244933','2015-01-01 18:17:13.63568','Suspicious activity','9583 Stone Centers','South Manuelhaven','Kentucky','Taiwan','24476','What is the name of your best friend in high school?','media','What is your favorite movie?','raise','2021-03-02 08:21:08.136337',false,false,'Swati','Asia/Vladivostok','Learning disability nurse','Music','Elementary','Widowed',3
17,'eric_wilson','robert30@example.com',')0)Wal94Ve','Eric','Wilson','1983-05-20','Male','(604)744-4262','https://dummyimage.com/260x551','https://picsum.photos/503/633','Bio of Eric Wilson','https://nguyen.info/','2023-05-13 11:40:36.248767','2015-10-12 12:45:19.388797',false,false,true,'206g0u','2016-10-31 17:13:06.373019',1,'2018-07-04 05:36:44.945905','2023-04-12 19:12:18.294343','Multiple failed attempts','635 Christy Place','Allenbury','Massachusetts','Eritrea','11753','What is your favorite color?','more','What is your favorite color?','series','2016-01-16 11:24:23.428844',false,true,'Tatar','Asia/Tokyo',"'Pharmacist, community'",'Music','Elementary','Married',3
18,'lauren_lewis','douglas56@example.net','mh944SMm&v','Lauren','Lewis','1954-07-27','Other','9716601584','https://picsum.photos/68/699','https://picsum.photos/826/710','Bio of Lauren Lewis','http://www.baxter.net/','2024-01-05 19:13:22.302344','2017-04-28 16:36:28.090377',true,true,true,'ny25j8','2014-12-25 10:48:11.109397',2,'2024-02-15 00:42:22.145745',NULL,NULL,'19698 Vicki Roads Apt. 078','Lake Ashley','Colorado','Zambia','46426','What is the name of your elementary school?','senior','What is the make and model of your first car?','series','2014-05-24 09:59:55.393922',false,false,'Latin','Asia/Baku','Fine artist','Gardening','Middle','In a relationship',3
19,'kathy_gill','jackieanthony@example.com','t$9C^u_KFt','Kathy','Gill','1973-03-09','Female','(798)230-3762','https://picsum.photos/303/789','https://picsum.photos/541/92','Bio of Kathy Gill','http://www.freeman-hernandez.com/','2023-05-31 02:58:00.574404','2015-12-07 03:53:57.686206',true,true,true,'eg1xhg','2018-08-21 19:16:59.664138',1,'2018-11-22 01:06:02.32264','2018-06-08 13:42:16.079757','Suspicious activity','096 Riley Plaza','West Cassidymouth','Florida','Uganda','84596','What is the name of your first pet?','trip','What is your favorite food?','TV','2015-12-15 17:28:56.771292',true,true,'Sanskrit','Africa/Casablanca','Higher education careers adviser','Science','Middle','In a relationship',3
20,'peter_smith','gyoung@example.org','@1kC1^s2tw','Peter','Smith','2011-11-29','Male','3414566658','https://dummyimage.com/975x701','https://placekitten.com/204/435','Bio of Peter Smith','http://www.miller.net/','2023-07-01 21:41:25.359924','2021-06-09 23:25:21.902947',true,false,false,'o0woeh','2019-12-09 04:07:36.456575',3,'2022-06-13 19:13:14.323428','2015-08-17 10:01:17.236502','Security concerns','82005 Garcia Trafficway','Michellefort','New Hampshire','Turks and Caicos Islands','20545','What is the name of your first pet?','chance','In what city were you born?','position','2022-07-16 04:53:28.912952',true,true,'Sinhala','Africa/Khartoum','Health and safety adviser','Cooking','High','Divorced',2
21,'ricky_moody','charlesortega@example.net','*qqaP+NwK5','Ricky','Moody','1948-01-15','Male','728-763-0514','https://placekitten.com/532/72','https://dummyimage.com/680x798','Bio of Ricky Moody','https://www.murray.com/','2020-06-07 12:23:06.314352','2015-10-12 16:57:33.416727',true,true,true,'2u83cu','2015-08-14 08:40:20.056159',1,'2015-12-27 09:39:01.378934',NULL,NULL,'799 Kimberly Landing','New Joshuahaven','New Mexico','Hong Kong','21960','What is your favorite book?','have','What is the name of your best friend in high school?','official','2016-06-25 22:31:13.72287',false,true,'Marathi','Asia/Makassar','Health and safety inspector','Sports','Middle','In a relationship',2
22,'aaron_perez','cjones@example.net','1M%4okcp#$','Aaron','Perez','1942-05-18','Male','(526)233-9070','https://placekitten.com/29/97','https://picsum.photos/250/296','Bio of Aaron Perez','https://www.blackwell.biz/','2019-09-05 01:59:49.770355','2014-08-06 06:10:41.579157',true,false,true,'6rypwo','2024-02-04 02:20:38.874817',3,'2021-03-09 19:48:50.44283','2015-08-04 03:55:53.570236','Security concerns','60960 Johnson Parkways','Angelaport','Louisiana','Lao People''s Democratic Republic','47159','In what city were you born?','value','What is your favorite color?','understand','2014-10-15 02:41:23.350926',false,false,'Tibetan','Asia/Yerevan','Building surveyor','Art','Middle','Divorced',2
23,'stephanie_odom','jesse44@example.com','$&YleWsT4p','Stephanie','Odom','1940-10-07','Other','569-232-7950','https://dummyimage.com/512x583','https://placekitten.com/11/459','Bio of Stephanie Odom','https://jones.com/','2019-08-17 02:42:54.870761','2021-03-05 18:13:48.417762',false,false,false,'voji8s','2018-12-17 19:09:10.154459',3,'2015-07-26 00:33:34.306439','2019-09-05 19:50:51.33064','Suspicious activity','291 Todd Estates Suite 233','New Gerald','Ohio','Ecuador','35201','What is your favorite food?','audience','What is your favorite movie?','poor','2019-07-13 08:27:18.461457',false,true,'Avaric','Asia/Katmandu',"'Production assistant, television'",'Music','Middle','Divorced',3
24,'julia_nelson','berryantonio@example.org','P_0KM_O8pk','Julia','Nelson','1959-01-11','Female','(837)309-0187','https://picsum.photos/477/435','https://placekitten.com/521/997','Bio of Julia Nelson','http://www.harvey-levine.com/','2019-12-13 06:52:54.193218','2014-07-22 00:24:22.311704',true,true,true,'a00dau','2014-12-16 12:52:41.979067',2,'2023-10-11 16:14:16.95255','2016-09-08 10:45:19.638089','Multiple failed attempts','06008 Michael Ports Suite 971','Bryanmouth','California','Paraguay','39070','What is the name of your best friend in high school?','story','What is your favorite color?','benefit','2014-03-29 02:09:57.8205',true,true,'Ossetian','Pacific/Kosrae','Mental health nurse','Gardening','Elementary','Married',3
25,'jesus_bailey','rebekahking@example.net','lY@27eDvRR','Jesus','Bailey','1972-04-17','Male','7569003564','https://dummyimage.com/349x825','https://picsum.photos/672/696','Bio of Jesus Bailey','http://harris-bell.com/','2017-07-14 19:45:28.813739','2021-07-11 12:06:58.981627',false,false,true,'xzu50j','2017-06-26 23:29:50.52642',3,'2020-12-06 18:41:14.811539',NULL,NULL,'0843 Pratt Harbors','Seanside','Alabama','Algeria','60976','What is the name of your elementary school?','drop','What is your favorite movie?','social','2016-07-10 05:57:58.805697',false,true,'Herero','America/Moncton','Public affairs consultant','Travel','Elementary','Widowed',3
26,'kyle_huff','tammy67@example.com','!h7$TrypP_','Kyle','Huff','2022-10-02','Other','(860)757-2281','https://placekitten.com/740/170','https://picsum.photos/254/960','Bio of Kyle Huff','http://armstrong.com/','2017-09-06 22:36:22.099536','2016-10-11 10:42:45.364492',true,false,true,'e7d9xj','2017-11-26 08:16:21.035242',3,'2018-01-28 01:56:15.436083',NULL,NULL,'5523 Osborne Spurs','South Kelseyview','Nebraska','Iceland','01831','What is your favorite book?','hour','What is your favorite color?','themselves','2020-01-11 07:57:25.597964',false,false,'Aymara','Africa/Sao_Tome','Aid worker','Music','High','Single',1
27,'madison_christensen','nathan66@example.net','UCl9@JRew+','Madison','Christensen','2015-04-15','Female','(962)900-8462','https://placekitten.com/839/414','https://dummyimage.com/929x348','Bio of Madison Christensen','https://www.gray-white.biz/','2017-09-29 16:16:47.899166','2014-11-16 11:20:34.432363',false,true,false,'sx0es1','2020-10-26 04:33:27.807179',3,'2020-09-04 14:25:41.32582',NULL,NULL,'288 Hicks Drive Apt. 771','Smithshire','California','Morocco','02372','In what city were you born?','myself','What is your favorite food?','improve','2014-04-23 22:37:48.225242',true,false,'Sundanese','Europe/Stockholm','Building services engineer','Art','Elementary','In a relationship',3
28,'rebecca_bishop','eyoung@example.net','4$2LDZbgOd','Rebecca','Bishop','2018-09-13','Other','998-231-3209','https://dummyimage.com/379x638','https://placekitten.com/227/593','Bio of Rebecca Bishop','http://miller.com/','2021-12-12 03:20:08.633763','2017-06-14 06:13:13.244383',true,true,true,'492uqh','2024-02-08 01:02:01.211244',3,'2014-12-09 14:22:27.455757','2017-08-22 22:30:24.545313','Security concerns','48071 Herrera Ways','North Rachel','New Hampshire','Norway','42058','What is your mother''s maiden name?','I','What is your favorite book?','Republican','2014-08-21 16:44:21.383238',false,false,'Manx','America/Dominica','Company secretary','Art','Elementary','In a relationship',3
29,'kimberly_alvarez','williamjones@example.com','$c6Aii1C^b','Kimberly','Alvarez','1981-03-27','Other','(217)602-8142','https://picsum.photos/1005/406','https://picsum.photos/860/61','Bio of Kimberly Alvarez','http://thompson-bradley.com/','2021-03-17 17:52:43.80088','2020-12-14 00:11:38.487917',true,true,true,'483k1b','2014-04-02 02:38:17.840072',3,'2023-03-01 00:56:40.878773',NULL,NULL,'198 Brown Overpass Suite 194','Rogersview','Pennsylvania','Guatemala','27307','What is your favorite food?','dinner','What is your favorite food?','parent','2022-02-10 02:55:49.848077',false,false,'Aymara','America/El_Salvador','Product designer','Music','Middle','Married',1
30,'christina_nicholson','jennifermartinez@example.com','!58Eg(h2YO','Christina','Nicholson','1947-08-01','Female','(342)362-3735','https://picsum.photos/636/0','https://placekitten.com/723/284','Bio of Christina Nicholson','https://www.diaz.org/','2014-04-14 23:46:26.243474','2017-08-10 15:40:34.904068',false,false,true,'fvhqc4','2018-06-12 01:37:53.294192',2,'2017-03-26 03:31:19.654949',NULL,NULL,'4560 Young Valley','East Karenchester','Georgia','Iraq','78709','What is your favorite food?','kind','What is the make and model of your first car?','television','2021-02-09 18:02:19.243805',true,false,'Pushto','Europe/Zurich',"'Production designer, theatre/television/film'",'Sports','Elementary','In a relationship',1
31,'scott_schultz','wilsondanielle@example.net','g!6vZWzrXw','Scott','Schultz','1957-08-23','Other','927-830-3678','https://placekitten.com/287/343','https://placekitten.com/566/833','Bio of Scott Schultz','http://solis.biz/','2022-03-17 15:55:09.908782','2022-09-30 19:36:57.765075',false,false,true,'rt9cwx','2018-04-01 01:36:45.321607',2,'2015-01-03 16:55:46.660455','2018-04-21 19:45:17.185584','Security concerns','1452 Edward Stream','East Melody','Washington','Macao','76820','What is the make and model of your first car?','business','In what city were you born?','realize','2017-01-16 22:32:20.83996',true,true,'Central Khmer','America/Guatemala',"'Surveyor, mining'",'Music','Elementary','Married',3
32,'timothy_medina','weaverbethany@example.net','rj%B89QzS&','Timothy','Medina','2013-05-10','Other','491-507-7899','https://dummyimage.com/478x710','https://dummyimage.com/814x885','Bio of Timothy Medina','https://wiggins-burton.org/','2014-04-18 08:04:30.446828','2015-07-01 14:27:08.887916',false,true,true,'67v6fo','2022-03-15 02:07:35.263614',1,'2024-01-11 21:21:43.649755',NULL,NULL,'98967 Webster Haven Apt. 933','Hollyview','Illinois','Somalia','79409','What is your favorite movie?','event','What is your mother''s maiden name?','far','2016-01-08 17:39:16.235016',false,true,'Persian','Africa/Ouagadougou',"'Librarian, public'",'Sports','Elementary','In a relationship',3
33,'brittney_king','grayjohn@example.net','%tcn7UEcQt','Brittney','King','2021-06-25','Female','(218)278-9656','https://placekitten.com/384/620','https://picsum.photos/945/480','Bio of Brittney King','https://www.reyes.info/','2021-02-16 01:00:03.120822','2018-07-20 03:38:33.916908',false,true,false,'1beiw7','2018-01-07 22:08:10.562521',3,'2019-08-08 18:03:33.864183','2021-05-29 20:22:55.046589','Suspicious activity','0529 Erin Rapids','North Aliciabury','Virginia','Christmas Island','28461','What is your favorite color?','conference','What is your favorite book?','animal','2021-05-10 16:00:18.2723',false,false,'Aragonese','Indian/Antananarivo','Photographer','Sports','Middle','Single',1
34,'larry_ross','jennifer29@example.org','Na^Z15Kge$','Larry','Ross','1917-05-06','Male','784-580-7258','https://picsum.photos/201/506','https://picsum.photos/166/806','Bio of Larry Ross','http://thomas.com/','2020-05-04 23:27:22.781033','2020-05-18 23:11:53.118936',true,false,false,'mdvegk','2015-12-26 20:35:24.920405',3,'2014-05-31 19:57:19.793186',NULL,NULL,'6792 Justin Corners','West Ryanmouth','Colorado','Saint Vincent and the Grenadines','30055','In what city were you born?','play','What is the make and model of your first car?','ball','2022-01-21 23:53:34.785031',false,false,'Greek','Africa/Asmera','Academic librarian','Travel','High','Widowed',1
35,'matthew_kline','andrew42@example.org','Ez9#wOzr(v','Matthew','Kline','1928-10-05','Male','(329)619-1063','https://dummyimage.com/737x869','https://dummyimage.com/966x459','Bio of Matthew Kline','https://www.williams.com/','2022-04-26 14:43:07.158653','2019-02-09 21:16:36.581332',false,true,true,'7lggkd','2020-04-09 09:24:45.314789',3,'2019-03-26 16:11:53.574152','2023-11-28 05:36:25.807433','Multiple failed attempts','45362 Stephen River','Traciemouth','Nebraska','San Marino','20009','What is your favorite book?','cold','What is the name of your elementary school?','court','2014-04-02 10:04:09.202325',false,false,'Guarani','America/Port_of_Spain',"'Editor, magazine features'",'Travel','Elementary','Divorced',2
36,'robert_patrick','jeremiah98@example.com','%1KbTI4c8i','Robert','Patrick','1948-06-09','Male','897-653-2309','https://dummyimage.com/134x253','https://dummyimage.com/68x16','Bio of Robert Patrick','http://www.miller.org/','2014-08-21 13:00:17.040154','2016-12-23 20:36:04.042043',false,false,true,'qn2an5','2017-11-22 01:46:04.789511',1,'2014-11-28 20:41:55.094136','2020-06-25 11:36:42.137857','Suspicious activity','5273 Myers Oval Apt. 897','East Luisshire','Nevada','Tanzania','50137','What is your favorite book?','owner','What is the make and model of your first car?','parent','2017-10-26 11:20:58.942466',true,false,'Divehi','America/Jamaica','Historic buildings inspector/conservation officer','Travel','Elementary','Single',2
37,'jamie_harris','garciaashley@example.net','4HG!o0hF*Z','Jamie','Harris','1913-02-16','Other','332-694-7588','https://picsum.photos/799/211','https://placekitten.com/597/207','Bio of Jamie Harris','http://www.campbell.biz/','2014-06-07 04:40:46.214747','2016-03-06 00:40:35.079409',false,false,true,'b3ibng','2016-09-10 05:14:29.138823',1,'2019-03-18 09:48:21.011633','2015-05-25 20:18:31.765879','Security concerns','556 Cheyenne Passage','Tinaborough','Utah','Lao People''s Democratic Republic','95292','In what city were you born?','size','What is your favorite color?','some','2023-10-07 14:28:07.715158',false,true,'Oriya','Asia/Dili',"'Geologist, wellsite'",'Sports','High','Divorced',1
38,'thomas_marshall','mortoncaitlin@example.net','Q0e3&mTl&s','Thomas','Marshall','1939-05-21','Male','396-470-7231','https://picsum.photos/812/260','https://dummyimage.com/649x440','Bio of Thomas Marshall','http://mcguire.org/','2022-11-03 10:36:59.25873','2020-08-09 14:15:16.25148',false,false,true,'h0xogz','2021-07-31 17:24:46.269571',3,'2019-08-06 18:33:57.144114',NULL,NULL,'26975 Susan Trafficway Suite 087','Whiteborough','Virginia','Comoros','31244','What is the name of your first pet?','should','What is the name of your best friend in high school?','off','2021-03-04 06:40:42.807395',true,true,'Italian','Asia/Kuching','Product/process development scientist','Music','High','Divorced',2
39,'joyce_herman','ddavis@example.com','VJaYPaRq_0','Joyce','Herman','1979-02-08','Other','(771)965-6285','https://picsum.photos/389/119','https://dummyimage.com/112x150','Bio of Joyce Herman','http://www.barrera.com/','2014-04-19 20:40:52.271478','2019-07-02 01:31:23.981411',true,false,false,'giurz9','2018-05-06 16:16:26.829972',2,'2020-08-01 09:45:09.380036','2020-04-14 18:15:53.334201','Multiple failed attempts','697 Bernard Forges Suite 930','West John','Ohio','French Southern Territories','63068','What is the name of your elementary school?','evening','What is the name of your best friend in high school?','major','2018-02-19 09:52:12.420559',false,true,'Igbo','Africa/Maputo','Occupational psychologist','Gardening','High','Single',1
40,'christopher_leach','rmartin@example.net','$Ok(MoVrC3','Christopher','Leach','1955-08-13','Male','714-803-3051','https://picsum.photos/434/279','https://picsum.photos/381/860','Bio of Christopher Leach','http://www.wilson.com/','2024-02-13 22:59:15.826816','2014-04-23 23:21:53.571071',false,true,true,'583o8v','2018-07-01 19:57:19.614353',2,'2019-06-26 18:10:26.763051',NULL,NULL,'17938 Edwin Harbor','New Austin','Maryland','Nicaragua','10665','What is your favorite food?','consumer','What is the make and model of your first car?','eat','2020-03-03 01:55:23.63221',true,false,'Divehi','America/Anchorage','Ambulance person','Science','High','Married',3
41,'angela_hahn','dpeters@example.com','#0P&B)(uXJ','Angela','Hahn','1912-10-04','Female','(418)607-1563','https://placekitten.com/388/119','https://placekitten.com/126/24','Bio of Angela Hahn','https://www.mckay-roberts.net/','2018-06-15 19:25:43.824414','2022-10-17 01:18:04.955327',false,true,false,'rp5ci6','2015-07-15 15:59:56.197817',1,'2019-02-03 23:13:23.420136',NULL,NULL,'1895 Hartman Keys','New Austin','New Hampshire','Russian Federation','40829','What is your favorite food?','event','What is your mother''s maiden name?','teacher','2023-05-24 14:20:50.079309',true,true,'Sanskrit','Europe/Prague','Health and safety adviser','Science','Secondary','Single',2
42,'kenneth_franco','mgriffin@example.org','_Q6wMnXLw3','Kenneth','Franco','1923-04-12','Other','737-274-4475','https://dummyimage.com/746x152','https://picsum.photos/211/32','Bio of Kenneth Franco','http://love-collins.com/','2021-09-11 11:38:21.626267','2021-07-26 01:32:19.566838',false,true,false,'9yjr1u','2022-03-08 20:04:07.106216',3,'2017-02-28 07:40:34.422032',NULL,NULL,'376 Emily Isle','Brendatown','Wyoming','Mauritius','24206','What is the name of your elementary school?','decade','What is the name of your first pet?','central','2015-01-16 18:29:46.631994',true,false,'Abkhazian','Africa/Sao_Tome','Stage manager','Cooking','Elementary','Married',3
43,'stephanie_butler','stevensryan@example.org','(2aWvAcQ&s','Stephanie','Butler','1928-02-18','Female','4286542599','https://picsum.photos/529/425','https://picsum.photos/331/30','Bio of Stephanie Butler','http://murphy.net/','2023-06-24 13:00:37.377512','2022-11-04 18:28:48.122998',false,false,true,'7ahlx5','2016-09-12 03:58:22.464262',1,'2023-03-08 12:36:59.585428',NULL,NULL,'0238 Laura Brooks','Robertmouth','Mississippi','Iraq','25211','What is your favorite food?','again','What is the name of your best friend in high school?','husband','2015-01-14 04:08:06.966698',true,false,'Amharic','Africa/Dakar',"'Sales professional, IT'",'Science','Elementary','In a relationship',1
44,'gavin_hall','younglaura@example.org','pMn4WuoP(E','Gavin','Hall','1914-02-28','Male','(899)409-7187','https://dummyimage.com/105x923','https://picsum.photos/144/379','Bio of Gavin Hall','https://holmes.com/','2014-02-26 09:32:15.104045','2017-06-12 19:41:08.4789',false,true,true,'6q4wf2','2022-06-01 14:01:58.593621',3,'2021-08-19 03:34:20.957519',NULL,NULL,'74671 Joshua Expressway','Jenniferbury','Missouri','New Caledonia','88602','In what city were you born?','a','What is the name of your first pet?','this','2019-11-06 13:00:28.080742',false,true,'Guarani','America/Belize','Tax adviser','Music','Elementary','In a relationship',2
45,'edward_shaw','harveyjoseph@example.net','m6Z*fmNq(6','Edward','Shaw','1966-09-23','Other','6499679591','https://placekitten.com/618/381','https://picsum.photos/89/427','Bio of Edward Shaw','https://www.smith-newman.com/','2020-10-29 02:02:46.328788','2022-10-24 07:39:03.410227',true,false,true,'eytxqw','2021-11-15 16:35:39.358302',3,'2020-10-09 15:56:19.613551',NULL,NULL,'96671 Lori Prairie','Vanessaton','Utah','Syrian Arab Republic','71363','What is your favorite book?','next','What is your favorite food?','record','2014-08-24 09:53:01.246033',true,false,'Occitan','Europe/Zurich','Television floor manager','Art','Not reported','Single',1
46,'jeffrey_clark','melissagriffin@example.com',')sTo31i*7P','Jeffrey','Clark','2002-07-08','Male','762-340-6292','https://dummyimage.com/866x818','https://placekitten.com/111/22','Bio of Jeffrey Clark','https://schroeder.com/','2015-12-22 04:56:07.783601','2020-09-17 18:35:25.767626',true,false,true,'g46w3g','2021-05-12 17:38:18.355197',1,'2020-03-19 16:22:40.884433',NULL,NULL,'8751 Sarah Mountains Suite 260','Carrieton','Massachusetts','Albania','03302','What is the name of your elementary school?','television','What is the name of your first pet?','writer','2014-03-05 23:13:26.804379',false,true,'Komi','Pacific/Palau','Sports coach','Science','Middle','In a relationship',3
47,'zoe_diaz','bautistalaura@example.net','^6mbDeboot','Zoe','Diaz','1937-07-26','Other','(317)600-3378','https://picsum.photos/297/242','https://dummyimage.com/332x453','Bio of Zoe Diaz','http://kim.com/','2016-05-01 13:58:49.16346','2017-05-14 00:48:03.93589',false,true,true,'79ke99','2022-02-24 00:19:50.92806',3,'2015-05-23 22:33:15.990015','2015-12-09 09:47:08.280691','Multiple failed attempts','752 Hall Fall','Lake Timothy','West Virginia','Greece','83912','What is the name of your best friend in high school?','white','What is your favorite color?','throughout','2020-12-21 22:27:47.525767',false,false,'Tonga','Asia/Colombo','Plant breeder/geneticist','Music','Elementary','Widowed',1
48,'diamond_smith','jamesjohnson@example.com','k)3EEXuT5&','Diamond','Smith','1982-02-26','Other','723-374-9209','https://placekitten.com/333/852','https://picsum.photos/691/202','Bio of Diamond Smith','http://martinez-green.biz/','2018-07-17 03:08:48.94425','2023-08-18 13:13:21.522428',false,false,true,'9gy8re','2022-04-10 10:01:59.585533',3,'2020-04-23 03:12:13.681928','2024-02-15 10:06:57.356442','Suspicious activity','153 Baker Extension Suite 845','Lawrencechester','South Dakota','Honduras','82316','What is the name of your best friend in high school?','thus','What is your mother''s maiden name?','type','2014-09-15 22:18:32.483094',true,false,'Hiri Motu','America/Guatemala','Fish farm manager','Cooking','Elementary','Divorced',2
49,'catherine_ellis','ofrey@example.org','&9a%GeTm4!','Catherine','Ellis','1969-07-14','Female','(451)749-4800','https://dummyimage.com/369x159','https://placekitten.com/816/734','Bio of Catherine Ellis','http://allen.info/','2023-01-23 23:06:05.626833','2016-04-03 22:17:57.007501',false,false,false,'9iv85c','2020-05-18 02:23:17.556349',1,'2019-12-14 02:53:42.284468','2014-12-27 10:57:52.329381','Multiple failed attempts','36512 Deborah Fall','Scottmouth','Rhode Island','Netherlands','85727','What is your favorite book?','wife','What is the name of your best friend in high school?','pick','2014-07-20 03:08:50.639116',false,false,'Tibetan','America/Asuncion','Social researcher','Gardening','Elementary','Married',2
50,'margaret_brown','jessica96@example.org','k1!Y(aab@J','Margaret','Brown','1935-09-08','Female','335-529-2178','https://dummyimage.com/607x104','https://picsum.photos/588/759','Bio of Margaret Brown','http://gibson.biz/','2019-04-26 11:58:24.616097','2019-12-10 20:17:43.798617',false,false,false,'5b1okq','2018-09-03 09:39:55.112075',2,'2020-01-12 17:03:39.607648',NULL,NULL,'0579 Carter Plains Apt. 146','Bruceborough','Maryland','Burkina Faso','22150','What is the name of your elementary school?','third','What is your favorite book?','find','2016-11-24 01:30:22.482227',false,true,'Nepali','Africa/Kampala','Dramatherapist','Art','Elementary','In a relationship',1
51,'daniel_price','brownthomas@example.net','d$5VPW&cdE','Daniel','Price','1991-09-14','Male','293-883-6538','https://picsum.photos/704/712','https://picsum.photos/317/996','Bio of Daniel Price','http://williams.com/','2018-06-29 03:34:46.296657','2016-12-11 12:06:00.353463',true,true,true,'wie9gp','2022-09-10 04:08:45.551105',1,'2015-03-31 20:27:30.317425',NULL,NULL,'043 Mccarthy Landing','South Erinhaven','Maryland','Niger','45474','What is your favorite color?','should','What is your mother''s maiden name?','brother','2023-09-19 20:59:27.870941',true,false,'Herero','Asia/Bishkek','Photographer','Sports','Middle','Married',1
52,'albert_diaz','rosslisa@example.net','ognTgSza!9','Albert','Diaz','1975-07-19','Male','773-613-9378','https://picsum.photos/175/269','https://picsum.photos/5/398','Bio of Albert Diaz','http://robinson.info/','2016-06-03 07:56:17.978609','2022-07-31 23:43:38.072583',true,true,true,'hjaa30','2015-05-27 10:26:13.556066',3,'2020-01-15 17:55:23.446883',NULL,NULL,'5048 Dougherty Fords Apt. 151','Lake Jessicaville','Maryland','Timor-Leste','10327','What is the name of your first pet?','rather','What is your favorite book?','analysis','2021-06-12 00:35:11.867085',true,false,'Portuguese','Pacific/Funafuti','Company secretary','Cooking','Elementary','In a relationship',2
53,'john_stevenson','dorozco@example.org','#181FFd2gu','John','Stevenson','1974-09-25','Other','997-208-4343','https://picsum.photos/730/104','https://dummyimage.com/836x47','Bio of John Stevenson','http://murphy.biz/','2022-05-29 01:16:37.090472','2019-11-10 08:24:11.870908',false,true,true,'hcccvs','2018-12-07 07:01:49.646589',1,'2021-01-20 07:18:30.019953',NULL,NULL,'6926 Joseph Tunnel','Tonyberg','Texas','Sri Lanka','48812','What is your favorite movie?','as','What is the name of your best friend in high school?','six','2019-09-13 02:34:34.15009',false,true,'Kalaallisut','Asia/Singapore',"'Psychologist, educational'",'Music','Elementary','Widowed',3
54,'matthew_roman','lindsey37@example.net','@58mBZNl((','Matthew','Roman','1960-05-11','Male','486-700-2923','https://placekitten.com/183/253','https://picsum.photos/743/743','Bio of Matthew Roman','https://griffin-alvarado.com/','2018-02-09 23:08:27.040855','2023-10-09 09:03:57.608469',true,false,true,'in8fbz','2014-07-08 04:49:20.478441',1,'2016-06-12 03:55:03.169492',NULL,NULL,'423 Tiffany Crescent Suite 152','Vanessaland','Hawaii','Norfolk Island','66350','What is the make and model of your first car?','picture','What is your favorite food?','wrong','2017-09-24 06:19:20.067139',false,false,'Gaelic','Africa/Asmera',"'Scientist, marine'",'Science','Prekindergarten','Widowed',3
55,'jessica_wilson','johnny20@example.org','*1O@bLmufd','Jessica','Wilson','1970-10-02','Female','3274712837','https://placekitten.com/351/256','https://placekitten.com/798/889','Bio of Jessica Wilson','http://www.cruz.com/','2022-04-05 00:02:04.565212','2014-08-23 13:26:31.116654',false,false,false,'wjiah8','2016-10-05 08:13:48.574204',2,'2021-08-01 08:37:53.771652','2019-02-20 22:01:59.755176','Security concerns','843 Jacob Grove','Samuelchester','North Dakota','Sudan','01829','What is the make and model of your first car?','body','What is your favorite color?','specific','2017-09-30 11:35:18.417788',true,true,'Bashkir','Africa/Monrovia','Field trials officer','Travel','Elementary','Married',3
56,'crystal_diaz','christopher32@example.net','KP1eLd_0*$','Crystal','Diaz','1996-03-30','Female','741-319-6057','https://dummyimage.com/1008x645','https://dummyimage.com/70x286','Bio of Crystal Diaz','https://www.riggs-anderson.com/','2015-09-23 13:36:40.667614','2016-10-17 16:58:14.040551',false,false,true,'dorgb8','2019-12-08 14:08:33.647723',1,'2015-07-03 05:01:20.429457',NULL,NULL,'3051 Mercado Crossing Suite 276','New Rachelport','Minnesota','Lao People''s Democratic Republic','41074','What is the name of your first pet?','full','What is the name of your first pet?','describe','2018-07-13 18:47:42.793214',true,true,'Limburgan','America/St_Vincent','Early years teacher','Music','Middle','Widowed',2
57,'shawn_ray','austin11@example.org','%ja6J3IxWo','Shawn','Ray','1908-12-26','Male','4637660043','https://picsum.photos/178/191','https://placekitten.com/899/619','Bio of Shawn Ray','https://bennett.net/','2016-06-03 15:58:06.4879','2015-11-16 13:15:28.894616',false,false,false,'1rrxod','2017-09-29 01:01:13.118406',2,'2014-08-19 13:50:59.40783','2020-05-01 11:25:56.36653','Multiple failed attempts','59109 Kyle Viaduct Apt. 869','Stevensport','Kentucky','Mongolia','65208','What is your favorite movie?','red','What is your mother''s maiden name?','understand','2022-10-06 05:18:23.520413',true,false,'Panjabi','Africa/Porto-Novo',"'Education officer, community'",'Sports','Middle','Widowed',3
58,'shane_woodard','dmorris@example.com','79SEh*v$#C','Shane','Woodard','2015-07-12','Other','(872)902-7736','https://placekitten.com/194/961','https://placekitten.com/869/499','Bio of Shane Woodard','https://www.kent.net/','2021-08-05 22:55:30.439061','2019-03-12 00:19:28.953336',false,true,false,'dinczx','2023-08-21 01:14:29.262648',1,'2016-12-04 12:34:26.208044',NULL,NULL,'85113 Thomas Way','South Timothyhaven','Rhode Island','Israel','77810','What is your mother''s maiden name?','other','In what city were you born?','big','2020-12-20 06:32:02.353439',true,false,'Korean','Europe/Sofia','Advertising account planner','Sports','Elementary','Married',2
59,'melissa_turner','hannah80@example.net','Wz2Yn9n%Q&','Melissa','Turner','2004-09-14','Female','4942541537','https://placekitten.com/193/276','https://placekitten.com/843/1020','Bio of Melissa Turner','http://www.lopez.biz/','2019-10-06 11:16:19.652401','2017-02-02 13:33:31.276071',false,false,true,'hptqfe','2022-02-15 15:58:25.519033',2,'2019-11-03 14:50:26.605811',NULL,NULL,'7417 Morgan Lock Suite 705','Ericaburgh','Rhode Island','Sao Tome and Principe','93552','What is the name of your first pet?','huge','What is the name of your best friend in high school?','central','2017-11-05 15:44:54.123243',true,true,'Sichuan Yi','Europe/Chisinau',"'Physicist, medical'",'Science','Elementary','Single',3
60,'shannon_kim','marilynmorgan@example.org','jIB)3TnE)l','Shannon','Kim','2015-02-25','Other','372-307-4392','https://placekitten.com/124/582','https://placekitten.com/245/829','Bio of Shannon Kim','https://www.brown.com/','2023-04-24 18:48:11.062301','2022-06-18 12:28:18.331625',false,false,false,'5z1v55','2021-07-16 22:22:43.479329',3,'2023-12-10 12:18:34.184665','2019-12-15 12:51:00.91476','Multiple failed attempts','58276 Timothy Drive','Turnerville','New Jersey','Malawi','19677','What is the name of your best friend in high school?','force','What is your mother''s maiden name?','treatment','2018-06-15 09:39:21.191683',false,true,'Spanish','Indian/Comoro','Hotel manager','Music','Elementary','In a relationship',2
61,'william_mendez','jwest@example.com','3)3#3Phqzi','William','Mendez','1924-10-01','Other','402-321-3412','https://picsum.photos/73/414','https://dummyimage.com/841x875','Bio of William Mendez','http://morales-clark.biz/','2020-09-10 04:12:08.59818','2021-06-15 22:33:17.478241',true,true,true,'ps35c8','2017-01-10 19:58:24.171131',3,'2021-12-15 06:23:59.124923','2014-08-06 16:08:39.94413','Suspicious activity','6464 Donald Loop Apt. 118','Port Sharon','Rhode Island','Honduras','26592','What is your favorite food?','difficult','What is the name of your elementary school?','down','2016-03-12 02:48:37.2592',true,true,'Maori','America/Barbados','Hydrographic surveyor','Cooking','High','Single',2
62,'sherri_osborn','kylejones@example.org','^YSFnHlw58','Sherri','Osborn','1961-04-24','Female','(997)695-9993','https://dummyimage.com/909x152','https://placekitten.com/982/86','Bio of Sherri Osborn','http://gonzalez.biz/','2015-11-19 16:12:34.936692','2024-01-12 12:18:55.735295',true,false,true,'198n1e','2014-03-27 10:54:58.04998',2,'2017-01-12 05:11:46.309516','2015-06-02 20:12:42.790313','Security concerns','133 Santos Field','Jasonport','Alaska','Hungary','04572','What is the name of your best friend in high school?','guess','What is your mother''s maiden name?','gun','2023-03-30 20:09:19.880198',false,false,'Samoan','Europe/Zagreb','Environmental health practitioner','Gardening','Elementary','Widowed',1
63,'kimberly_davis','carolyngonzales@example.org','(6LgrQmV0Z','Kimberly','Davis','2005-04-20','Female','8232383252','https://dummyimage.com/516x155','https://dummyimage.com/452x971','Bio of Kimberly Davis','http://www.mueller.net/','2021-01-31 08:52:42.365162','2015-09-30 00:56:12.787065',false,true,false,'jcucts','2022-02-16 01:39:13.923799',2,'2018-04-01 00:34:21.629318',NULL,NULL,'88144 Kelly Views','Lake Ashley','Georgia','Pakistan','40941','What is your favorite movie?','name','What is your favorite book?','think','2014-06-21 06:31:40.201525',true,false,'Xhosa','Europe/Vaduz','Multimedia programmer','Cooking','Elementary','In a relationship',2
64,'jose_nelson','susangutierrez@example.com','qD^DI5xT6+','Jose','Nelson','2003-03-03','Male','7444269429','https://dummyimage.com/904x157','https://dummyimage.com/177x128','Bio of Jose Nelson','http://www.stewart-spencer.info/','2023-08-31 13:49:02.540702','2021-03-22 12:19:48.253677',true,false,true,'8iqrcp','2020-07-12 17:53:20.972069',2,'2016-12-04 01:05:36.978121',NULL,NULL,'811 Michele Squares Apt. 021','East Elizabethborough','California','Sweden','67939','What is the make and model of your first car?','buy','What is the name of your first pet?','skin','2018-09-10 05:09:14.517258',false,false,'Oriya','Europe/Tallinn','Further education lecturer','Gardening','Other','Divorced',2
65,'johnny_sanchez','jenniferglenn@example.net','#3HFZq^Vco','Johnny','Sanchez','2017-12-25','Other','6329480851','https://placekitten.com/297/955','https://picsum.photos/202/772','Bio of Johnny Sanchez','https://randolph.com/','2023-07-03 17:46:21.896823','2019-01-10 15:25:38.933218',false,false,false,'flt2l4','2019-02-08 16:21:29.106892',3,'2021-02-09 23:24:02.192069','2019-03-19 06:32:53.590417','Suspicious activity','242 Samuel Circle','North Tinaberg','West Virginia','Lesotho','86239','What is the name of your first pet?','material','What is the name of your elementary school?','give','2023-06-05 00:57:31.96651',false,true,'Luba-Katanga','Pacific/Fiji','Patent attorney','Gardening','Elementary','Single',2
66,'brandon_kim','oholder@example.net','@(K0Qt_I1l','Brandon','Kim','1979-03-28','Other','6889558502','https://picsum.photos/653/293','https://placekitten.com/678/689','Bio of Brandon Kim','https://www.mills.com/','2019-02-05 03:45:41.670329','2017-03-10 13:16:38.103492',true,true,true,'q9iwik','2020-07-04 14:04:58.534091',2,'2015-03-18 01:00:13.517816',NULL,NULL,'910 Shelly Lakes','Lindaview','Wisconsin','Martinique','48167','What is your favorite book?','hold','What is your favorite movie?','involve','2017-03-01 20:35:44.004064',false,false,'Maltese','Asia/Nicosia','Retail buyer','Travel','Middle','Single',1
67,'michael_sullivan','daniel39@example.net','+wIr6jp^0%','Michael','Sullivan','1957-10-28','Other','(860)681-2222','https://picsum.photos/899/393','https://placekitten.com/1001/228','Bio of Michael Sullivan','https://www.hubbard-johnson.com/','2021-04-02 07:41:11.546869','2019-03-17 13:47:43.267592',false,true,false,'1ujfjj','2018-11-03 15:26:19.29738',1,'2018-03-28 10:23:22.332417',NULL,NULL,'3332 Howell Garden','Kathrynberg','Massachusetts','Mauritania','29545','In what city were you born?','strategy','What is your favorite book?','arm','2014-07-26 10:01:46.91951',true,true,'Romanian','Asia/Calcutta',"'Biochemist, clinical'",'Travel','Other','Single',1
68,'amanda_dunn','yoderlouis@example.net','ruP_Pi)q!1','Amanda','Dunn','1933-05-17','Female','421-801-1572','https://picsum.photos/235/290','https://dummyimage.com/860x597','Bio of Amanda Dunn','https://nelson.net/','2022-03-30 22:19:27.939119','2022-05-20 13:34:47.192598',true,true,false,'gdf9jo','2017-07-16 14:28:45.900765',2,'2020-02-14 11:40:25.641461','2018-07-19 12:14:48.420907','Security concerns','67011 Harvey Common','Mullinston','North Carolina','Pakistan','84377','What is your mother''s maiden name?','risk','What is your favorite book?','late','2023-12-09 02:56:58.334215',true,true,'Zhuang','Asia/Beirut',"'Librarian, public'",'Music','Other','In a relationship',3
69,'ann_hardy','jasmine59@example.net','&yF04tiJ*7','Ann','Hardy','1996-04-20','Other','741-275-9168','https://placekitten.com/748/389','https://placekitten.com/49/115','Bio of Ann Hardy','http://www.hawkins-torres.org/','2022-07-25 08:08:02.652597','2017-08-17 08:58:09.016479',true,true,false,'9xylff','2022-05-02 22:46:30.063977',1,'2016-06-07 11:17:52.187204',NULL,NULL,'7785 Bowman Views Suite 340','Matthewville','Rhode Island','Mozambique','99715','What is your favorite movie?','total','What is the make and model of your first car?','sport','2023-12-02 02:46:33.661835',true,true,'Divehi','Asia/Beirut','Materials engineer','Cooking','Secondary','Single',1
70,'lindsey_galvan','hillkiara@example.com','+IP*#6OpW$','Lindsey','Galvan','1922-11-11','Female','(581)716-5664','https://picsum.photos/89/705','https://picsum.photos/965/867','Bio of Lindsey Galvan','http://martinez.com/','2021-06-27 17:21:26.13269','2020-02-21 00:14:28.337836',true,false,true,'c8me4o','2018-11-30 08:29:11.538079',1,'2017-11-09 18:23:32.828473',NULL,NULL,'042 Montoya Station','New Joanna','Hawaii','Brazil','18450','What is your mother''s maiden name?','too','What is your favorite movie?','letter','2016-06-19 15:25:23.667995',true,false,'Guarani','Europe/Amsterdam','Writer','Art','Elementary','Divorced',2
71,'karen_tanner','marcia93@example.org','$%7Iqd7HkN','Karen','Tanner','1939-03-20','Female','661-737-5898','https://picsum.photos/495/57','https://placekitten.com/304/531','Bio of Karen Tanner','https://www.hickman-holloway.biz/','2016-06-06 09:59:35.720597','2023-05-28 23:47:34.526493',true,false,true,'yxfl0h','2018-04-21 21:27:55.311646',1,'2020-08-08 11:10:35.40018','2018-03-27 09:27:17.975813','Security concerns','018 Jerry Plains Apt. 018','West Faithburgh','North Dakota','Cameroon','88171','What is the name of your first pet?','back','What is the name of your first pet?','my','2016-06-28 20:29:22.273195',false,false,'Romansh','Africa/Maseru','Broadcast engineer','Travel','High','Single',3
72,'john_mitchell','veronicagallagher@example.org','E0Ti(lt5!U','John','Mitchell','1932-06-02','Male','394-566-4622','https://placekitten.com/929/320','https://picsum.photos/350/375','Bio of John Mitchell','https://cook-taylor.com/','2020-04-17 07:10:17.608114','2016-06-09 02:35:21.30438',false,false,true,'qv670m','2020-02-04 08:06:16.444709',2,'2021-05-28 17:49:42.573831','2019-04-10 23:12:44.553751','Multiple failed attempts','728 Jackson Field Suite 668','West Cynthia','Illinois','United States Minor Outlying Islands','44817','What is your favorite food?','improve','What is the name of your best friend in high school?','actually','2016-05-02 23:26:29.854882',true,true,'Limburgan','Africa/Kampala',"'Pilot, airline'",'Sports','Ungraded','Married',2
73,'john_mcdonald','rodriguezkristina@example.com','_8R#r^KJ24','John','Mcdonald','1953-08-26','Male','(702)392-6191','https://picsum.photos/34/953','https://picsum.photos/207/124','Bio of John Mcdonald','http://benson.net/','2019-07-23 07:54:48.116311','2022-12-13 09:48:55.908034',true,true,false,'c2o1jq','2019-04-30 06:49:06.193201',2,'2023-01-30 14:11:00.095308','2023-06-23 22:21:44.056616','Security concerns','820 Bryan Square Apt. 350','Port Aaron','Oregon','Sudan','38248','In what city were you born?','relationship','What is your favorite color?','guy','2022-01-08 17:52:49.356998',true,false,'Afrikaans','Asia/Aden','Environmental manager','Gardening','Other','In a relationship',3
74,'jenna_juarez','bknox@example.net','O22YJuJ%%1','Jenna','Juarez','1941-10-06','Female','8867275294','https://dummyimage.com/650x261','https://dummyimage.com/659x645','Bio of Jenna Juarez','http://vargas.org/','2019-06-16 22:04:48.721317','2019-12-12 12:41:49.396094',true,true,false,'e0qcdp','2019-05-14 08:06:02.932494',2,'2017-03-28 22:41:13.615854',NULL,NULL,'513 Franklin Vista Suite 464','Port Daniel','Minnesota','Ethiopia','89902','What is the name of your elementary school?','national','What is the name of your elementary school?','mention','2014-08-23 20:46:16.167718',true,false,'Sundanese','America/Antigua','Manufacturing systems engineer','Travel','Elementary','Widowed',2
75,'elizabeth_cain','juliecarlson@example.com','(A3IDJc@V1','Elizabeth','Cain','1991-08-28','Female','8797911000','https://picsum.photos/940/530','https://dummyimage.com/218x1019','Bio of Elizabeth Cain','http://martinez.com/','2020-11-06 14:44:01.03804','2015-12-27 09:04:09.757477',false,false,false,'vxsze2','2023-11-14 22:08:30.800326',1,'2022-07-01 13:18:45.032959','2018-02-11 06:03:17.577645','Suspicious activity','313 Hall Forge','Port Gabriela','New Mexico','Denmark','34572','What is your favorite food?','president','What is your favorite food?','while','2017-07-03 02:56:05.670688',true,false,'Lithuanian','Asia/Oral','Company secretary','Sports','Middle','In a relationship',3
76,'ryan_payne','jenniferhayes@example.com','+4lyEGgkB2','Ryan','Payne','2014-08-17','Other','532-854-7823','https://picsum.photos/44/190','https://dummyimage.com/1005x248','Bio of Ryan Payne','https://lewis.com/','2016-01-12 13:47:57.168357','2023-08-29 04:23:06.071392',false,false,false,'apu5yl','2018-07-19 03:23:48.895783',2,'2016-10-18 12:13:11.198829','2015-08-06 21:13:04.573489','Multiple failed attempts','901 Terry Corners','Rebeccafurt','Mississippi','San Marino','83636','What is your favorite movie?','leader','What is the name of your best friend in high school?','song','2021-09-04 18:48:34.128482',false,false,'Kongo','Africa/Asmera','Banker','Travel','Elementary','Married',1
77,'cheryl_collins','leonarddickson@example.com','erJSEo&H%7','Cheryl','Collins','2004-01-09','Female','6375536477','https://dummyimage.com/472x588','https://placekitten.com/843/657','Bio of Cheryl Collins','https://brooks-hamilton.net/','2023-02-11 14:43:16.252475','2015-03-12 01:09:49.883438',true,true,true,'sz8u7d','2015-10-08 14:30:44.055429',3,'2018-06-06 00:27:39.759579','2019-07-22 09:02:05.063597','Multiple failed attempts','587 Ryan Centers','West Thomasberg','Pennsylvania','Togo','48818','What is the name of your first pet?','allow','In what city were you born?','computer','2019-08-25 18:31:17.467358',true,false,'Nauru','Africa/Maputo','Counsellor','Science','Elementary','Divorced',2
78,'kim_nixon','joshua11@example.com','C4io9Rd6!H','Kim','Nixon','1949-04-24','Female','(313)319-2067','https://picsum.photos/566/404','https://dummyimage.com/437x264','Bio of Kim Nixon','https://www.davis.com/','2022-03-29 19:52:53.58569','2019-11-01 19:39:57.960312',false,false,false,'bmpi2k','2022-12-08 15:59:03.575586',1,'2014-10-02 02:16:13.306917','2019-05-30 05:36:10.483671','Suspicious activity','5714 Dale Fort','Barrytown','Wisconsin','Mayotte','11942','What is your favorite color?','happen','What is your mother''s maiden name?','star','2021-08-06 20:06:56.031214',true,true,'Guarani','Europe/Vilnius','Mechanical engineer','Travel','Elementary','Divorced',2
79,'corey_bennett','nicholas98@example.com','d$h7Z!pg8@','Corey','Bennett','1942-11-21','Male','(834)415-4252','https://dummyimage.com/404x837','https://dummyimage.com/817x672','Bio of Corey Bennett','http://barnett-mueller.com/','2019-10-23 13:30:49.877291','2021-12-18 10:38:59.750538',true,false,true,'etlv4u','2014-10-22 04:21:34.607834',3,'2022-12-04 04:02:47.864057','2022-11-04 20:58:53.727186','Suspicious activity','35382 Petersen Squares Apt. 234','Lake Jennifer','Arizona','Chile','44896','What is the name of your first pet?','southern','What is your mother''s maiden name?','best','2016-04-22 12:34:59.123088',true,false,'Church Slavic','Africa/Monrovia','Arts development officer','Travel','High','In a relationship',2
80,'jasmine_hodges','kennethboyd@example.org','8J9WqrVy*2','Jasmine','Hodges','1977-07-17','Female','931-855-9277','https://dummyimage.com/558x159','https://dummyimage.com/803x566','Bio of Jasmine Hodges','https://odonnell.biz/','2016-09-03 02:02:11.939598','2015-05-04 06:32:37.847461',true,true,true,'ok0g8e','2015-03-30 13:49:23.57598',3,'2018-05-16 04:18:55.533','2023-12-27 05:04:38.845031','Suspicious activity','28851 James Wall Suite 805','Port Karen','Alaska','Bulgaria','75016','What is your favorite movie?','stock','What is your favorite book?','anything','2020-08-13 05:05:30.441067',false,true,'Hausa','Europe/Zurich','Actuary','Sports','Elementary','Married',3
81,'jacob_wood','creed@example.org',')$QuLiF79h','Jacob','Wood','2012-03-05','Male','647-282-8217','https://picsum.photos/598/851','https://placekitten.com/687/580','Bio of Jacob Wood','http://www.wells.net/','2023-10-04 01:12:48.370122','2015-02-07 12:25:08.664401',false,false,false,'11xd2e','2018-12-25 11:13:28.325199',2,'2019-09-10 08:43:24.667192',NULL,NULL,'412 Timothy Bridge','Barbaraton','Indiana','Mauritania','48048','What is the make and model of your first car?','team','What is your mother''s maiden name?','sense','2014-08-22 04:52:18.872631',false,false,'North Ndebele','Asia/Brunei',"'Horticulturist, amenity'",'Cooking','Elementary','Widowed',3
82,'eric_novak','taylordunlap@example.org','!_39XT+y9H','Eric','Novak','1911-02-27','Male','(235)950-8847','https://placekitten.com/997/661','https://dummyimage.com/327x287','Bio of Eric Novak','https://www.clark.com/','2020-09-06 22:47:43.993646','2021-09-10 15:07:16.58532',false,false,true,'fwmo6w','2018-02-23 03:46:20.721199',1,'2022-07-30 02:26:26.227555',NULL,NULL,'6216 Kendra Shoal','Paulport','New Jersey','Monaco','50216','What is the name of your elementary school?','worker','What is your mother''s maiden name?','town','2023-06-12 03:41:39.282815',true,false,'Manx','Africa/Algiers','Corporate investment banker','Gardening','High','Widowed',2
83,'crystal_roberts','adam76@example.com','&q527XAz&)','Crystal','Roberts','1928-06-29','Female','(564)824-9707','https://picsum.photos/327/385','https://picsum.photos/129/301','Bio of Crystal Roberts','https://espinoza-bauer.com/','2020-05-02 22:09:48.578769','2017-03-18 05:07:21.117526',false,false,false,'hyfwxc','2017-03-30 04:03:37.209133',2,'2020-05-15 00:17:51.649427','2020-04-08 12:40:55.810698','Multiple failed attempts','0714 Michelle Rest','Nathanielland','New Jersey','Congo','15098','What is your favorite movie?','card','What is your favorite color?','blood','2014-05-04 05:47:28.650579',true,true,'Oriya','Africa/Lusaka',"'Lecturer, further education'",'Art','Elementary','Married',2
84,'luis_young','barnettmaria@example.net','_5#Ps$mpO8','Luis','Young','1971-11-21','Male','610-938-9018','https://picsum.photos/596/334','https://picsum.photos/193/817','Bio of Luis Young','http://www.myers.com/','2014-05-17 04:06:29.288123','2020-04-22 22:15:52.377709',false,false,false,'dtwam9','2018-07-11 13:21:00.171194',1,'2020-05-22 08:46:43.79659','2016-09-03 01:26:42.928555','Multiple failed attempts','8300 Clark Keys Apt. 461','Elizabethville','Illinois','Papua New Guinea','49053','What is the name of your first pet?','arm','What is the make and model of your first car?','without','2023-02-11 06:39:47.261793',false,true,'Lithuanian','Asia/Seoul','Computer games developer','Travel','High','Divorced',2
85,'kimberly_marshall','riceeric@example.com','q$8OjpaKv^','Kimberly','Marshall','1920-08-06','Other','3885920487','https://dummyimage.com/834x194','https://placekitten.com/541/616','Bio of Kimberly Marshall','http://www.warner.org/','2018-03-20 08:58:28.452536','2021-02-12 08:46:52.677071',false,true,true,'m4hg95','2019-10-04 13:28:41.783435',1,'2018-01-25 19:48:01.709241','2021-05-24 08:53:19.067745','Multiple failed attempts','443 Trevor Plain Suite 715','Millerfort','North Dakota','Equatorial Guinea','46824','What is your mother''s maiden name?','though','What is the name of your first pet?','you','2015-05-27 11:25:00.58167',true,false,'French','Asia/Ashgabat','Advertising copywriter','Art','High','Widowed',1
86,'gerald_rowland','diaznicholas@example.net','X$PNftBz#1','Gerald','Rowland','1985-10-14','Male','764-209-9172','https://placekitten.com/652/487','https://dummyimage.com/356x219','Bio of Gerald Rowland','https://henderson.com/','2020-06-18 02:40:21.402298','2022-02-13 02:37:42.703108',true,true,false,'wrttmd','2018-05-15 14:19:12.735923',1,'2018-05-04 21:21:55.162895','2015-10-02 12:44:41.594267','Multiple failed attempts','02891 David Ferry Apt. 040','Jasonmouth','West Virginia','Mauritius','28730','What is the make and model of your first car?','ground','What is the name of your first pet?','idea','2021-10-31 07:55:29.623111',false,false,'Telugu','America/Tegucigalpa','Government social research officer','Music','Elementary','Widowed',1
87,'fernando_howe','ohernandez@example.com','jrhVBBeJ^7','Fernando','Howe','1968-07-26','Male','499-418-7118','https://placekitten.com/917/523','https://dummyimage.com/382x264','Bio of Fernando Howe','https://www.shea.com/','2015-04-20 19:11:42.910567','2024-01-25 18:30:04.967684',true,true,true,'ezkp89','2022-02-10 20:08:59.734343',2,'2021-12-19 18:07:40.459021',NULL,NULL,'29432 Hayes Overpass Suite 259','Westburgh','Connecticut','British Virgin Islands','78046','What is your favorite food?','only','What is your favorite movie?','raise','2017-11-18 15:01:07.43427',true,true,'Occitan','Asia/Amman',"'Teacher, early years/pre'",'Cooking','Elementary','Widowed',2
88,'jennifer_wagner','eddiearellano@example.net','&cULB3rG88','Jennifer','Wagner','1977-01-04','Other','213-402-5188','https://dummyimage.com/516x403','https://placekitten.com/637/417','Bio of Jennifer Wagner','http://holmes.com/','2022-12-06 03:21:59.68958','2018-07-23 11:28:31.963103',true,true,true,'f5b7gb','2017-07-30 07:24:58.053307',2,'2014-08-24 16:28:58.409055','2022-05-02 12:16:06.061055','Security concerns','81422 Joshua Flat','Tylerburgh','California','Seychelles','35139','What is the name of your first pet?','carry','What is your favorite color?','turn','2023-12-26 19:08:13.641983',true,false,'Bihari languages','Europe/Zagreb',"'Scientist, biomedical'",'Sports','Other','Widowed',2
89,'randy_schneider','maxwelljoseph@example.org','AA3z@AaB0(','Randy','Schneider','1925-12-14','Male','(949)602-9766','https://picsum.photos/382/68','https://placekitten.com/798/684','Bio of Randy Schneider','https://price-mejia.biz/','2023-02-15 07:42:49.64299','2014-08-08 15:07:37.423688',true,true,false,'50pc4o','2021-09-10 21:24:43.555016',3,'2018-04-03 17:56:29.918753',NULL,NULL,'9405 Gomez Port Apt. 384','Reynoldstown','Wisconsin','Cameroon','72973','What is your favorite color?','up','What is your favorite movie?','worker','2019-02-24 01:21:14.212106',false,true,'Marshallese','Pacific/Efate',"'Scientist, biomedical'",'Travel','Elementary','Single',3
90,'sophia_white','caitlyn93@example.org','1+O6&BeACd','Sophia','White','1947-09-07','Female','(941)685-3112','https://dummyimage.com/710x978','https://picsum.photos/229/114','Bio of Sophia White','https://padilla.com/','2020-01-13 14:28:36.175382','2018-08-06 14:13:12.097471',true,true,true,'2u2s66','2024-01-22 16:44:59.784866',2,'2023-07-20 09:55:18.144243',NULL,NULL,'41595 Watts Path','West Charlesside','Maine','Mali','46119','What is your mother''s maiden name?','common','In what city were you born?','huge','2015-08-27 10:02:54.267087',true,false,'Shona','Africa/Accra','Film/video editor','Cooking','Middle','Widowed',2
91,'emily_mathews','robertwolf@example.org','#l)Gj$t6a7','Emily','Mathews','1996-04-19','Female','(373)341-2271','https://picsum.photos/878/978','https://dummyimage.com/709x41','Bio of Emily Mathews','http://browning.net/','2022-11-02 20:11:52.923459','2023-02-11 12:21:14.15548',false,true,false,'la55q8','2022-10-06 14:18:22.776374',3,'2016-07-02 13:35:55.746315','2022-12-16 19:13:13.622075','Multiple failed attempts','78785 Simpson Turnpike Apt. 403','North Danielland','Nebraska','Guinea-Bissau','11902','In what city were you born?','sometimes','What is your favorite color?','face','2018-01-02 16:57:58.233805',false,true,'Sardinian','Europe/Sarajevo',"'Scientist, research (medical)'",'Music','High','Single',3
92,'cory_clark','lpope@example.net','i*5%rCM)6r','Cory','Clark','1981-08-23','Male','410-463-0911','https://picsum.photos/881/669','https://dummyimage.com/264x515','Bio of Cory Clark','https://www.glover.com/','2018-05-05 00:14:32.292343','2015-08-07 22:49:25.280659',true,true,false,'rg1xvx','2023-01-20 06:19:02.849565',2,'2015-03-11 13:29:49.093129',NULL,NULL,'749 Jordan Junction Suite 772','Port April','North Dakota','Tanzania','07118','What is your favorite book?','despite','What is your mother''s maiden name?','identify','2015-07-24 02:20:34.971809',false,true,'Turkish','Europe/Podgorica',"'Surveyor, building control'",'Music','Elementary','Married',2
93,'lauren_lane','gibsonjason@example.net','l(P%0iQSyn','Lauren','Lane','1989-08-17','Other','6998650464','https://picsum.photos/766/872','https://picsum.photos/1009/914','Bio of Lauren Lane','https://simpson.com/','2014-08-23 11:33:14.47598','2014-06-15 14:01:34.197934',false,false,false,'2yfh0x','2017-03-11 11:32:54.379443',1,'2015-09-26 02:44:28.575495',NULL,NULL,'806 Reynolds Shoal','New Miguelville','Iowa','Estonia','86537','What is your favorite color?','recognize','What is your favorite movie?','state','2015-05-23 04:37:18.624694',false,false,'Kurdish','Europe/Uzhgorod','Purchasing manager','Music','Elementary','In a relationship',1
94,'kelly_dorsey','norriscrystal@example.org','!z0fUE0o3X','Kelly','Dorsey','1957-11-12','Female','5738178750','https://picsum.photos/892/726','https://placekitten.com/963/176','Bio of Kelly Dorsey','http://jones-ray.org/','2016-05-10 11:00:07.187707','2015-02-19 16:24:12.117073',true,false,false,'qr6gf4','2020-11-24 05:21:32.607513',1,'2022-04-18 15:41:40.476511',NULL,NULL,'06145 Hendricks Turnpike','Catherinebury','Vermont','Sierra Leone','56264','In what city were you born?','many','What is your favorite book?','ready','2021-12-11 21:19:44.003808',true,false,'Romanian','Europe/Brussels','Immunologist','Science','Elementary','Single',2
95,'rickey_cole','marshallwendy@example.org','$iaEqrCO^1','Rickey','Cole','1954-05-20','Male','3654414333','https://dummyimage.com/319x240','https://dummyimage.com/523x170','Bio of Rickey Cole','https://lee.com/','2023-11-11 15:18:36.432303','2014-07-23 17:52:13.88423',true,true,true,'ei06ba','2014-07-27 05:44:35.371804',2,'2021-08-05 02:20:56.686007',NULL,NULL,'027 Smith Terrace Suite 927','Johnburgh','Maine','Saint Martin','65109','What is your favorite book?','participant','What is your favorite book?','trouble','2017-07-30 19:33:38.783653',false,true,'Akan','Europe/Berlin',"'Programme researcher, broadcasting/film/video'",'Gardening','Elementary','Divorced',1
96,'joshua_lee','rogerssuzanne@example.net','I_TG10Iwen','Joshua','Lee','1914-05-23','Other','(207)897-6140','https://placekitten.com/106/887','https://dummyimage.com/743x270','Bio of Joshua Lee','https://www.horne-williams.org/','2017-07-27 14:53:23.023478','2017-06-05 12:37:58.397666',true,false,true,'9h66q4','2017-08-21 20:16:23.082755',1,'2023-07-13 19:01:19.185781',NULL,NULL,'35750 Walter Forges','South Susanview','Washington','Kenya','11913','What is your favorite color?','purpose','What is your favorite food?','describe','2021-08-01 08:29:24.871026',true,true,'Japanese','Europe/Luxembourg','Bonds trader','Art','Elementary','Divorced',1
97,'amy_ramirez','amyle@example.com','m9ccehNw%%','Amy','Ramirez','2000-10-08','Female','803-950-6086','https://dummyimage.com/299x799','https://picsum.photos/200/332','Bio of Amy Ramirez','https://www.hall-trujillo.com/','2015-08-06 17:48:09.986442','2016-05-18 03:05:59.539927',false,true,false,'o6t3qg','2022-11-25 15:29:38.701572',2,'2015-10-31 22:46:29.592948',NULL,NULL,'1418 Nunez Throughway','West Kaitlynborough','West Virginia','Germany','76201','What is your favorite book?','force','What is the make and model of your first car?','drop','2014-08-07 16:44:22.233279',false,false,'Somali','Africa/Brazzaville','Barrister','Gardening','Middle','Married',2
98,'christopher_stanley','uporter@example.com','r@+7_LTdmC','Christopher','Stanley','1994-02-06','Male','208-548-0367','https://dummyimage.com/386x166','https://picsum.photos/8/984','Bio of Christopher Stanley','http://stone.org/','2017-01-12 20:12:10.193387','2021-01-22 17:43:21.543389',false,true,false,'0m7zzc','2019-11-12 21:55:34.847723',3,'2018-11-19 07:31:58.65162',NULL,NULL,'148 Saunders Valleys','North Laurenview','Idaho','Belize','04262','What is your favorite book?','party','In what city were you born?','impact','2016-04-08 13:33:03.197791',false,false,'Breton','America/Paramaribo',"'Teacher, primary school'",'Sports','Elementary','Divorced',2
99,'jessica_johnson','maxwellangela@example.org','4CNE%oLi)_','Jessica','Johnson','1978-02-28','Female','320-296-9633','https://picsum.photos/895/860','https://picsum.photos/606/954','Bio of Jessica Johnson','https://www.jacobs.org/','2020-03-01 17:47:31.249732','2024-02-16 11:50:02.43512',false,true,true,'8nblkm','2019-04-23 23:12:21.055834',1,'2017-09-07 02:00:11.442291','2016-08-05 02:25:10.558964','Suspicious activity','29739 Wilson Unions Apt. 339','Dickersonland','Hawaii','Guatemala','39372','What is the name of your first pet?','her','What is your favorite book?','factor','2023-05-28 01:01:54.859047',false,true,'Telugu','Pacific/Enderbury','Public librarian','Gardening','Elementary','Married',1
100,'allen_dickson','ericboyd@example.org','(5(QmY0izC','Allen','Dickson','1924-03-03','Male','486-323-1677','https://placekitten.com/986/145','https://dummyimage.com/69x539','Bio of Allen Dickson','https://www.bennett-jones.net/','2017-12-31 00:11:04.667037','2019-04-14 18:30:11.781757',true,true,true,'9vwjf7','2017-12-16 00:28:53.211194',3,'2022-06-25 15:24:13.976755',NULL,NULL,'435 Amy Knoll Apt. 603','North Robert','Indiana','Latvia','22654','What is the make and model of your first car?','rest','What is the name of your elementary school?','tend','2018-08-23 07:28:43.592751',true,false,'Korean','Europe/Luxembourg','Learning mentor','Cooking','High','Single',3
