1,'Language','German',75
2,'Currency','USD',59
3,'Timezone','EST',48
4,'Language','French',32
5,'Timezone','GMT',87
6,'Currency','GBP',15
7,'Currency','JPY',71
8,'Language','Spanish',89
9,'Language','German',4
10,'Currency','USD',2
11,'Language','Spanish',69
12,'Timezone','GMT',76
13,'Language','English',73
14,'Currency','EUR',17
15,'Theme','Forest',57
16,'Timezone','GMT',16
17,'Currency','GBP',38
18,'Language','French',54
19,'Timezone','UTC',97
20,'Currency','USD',62
21,'Timezone','CST',4
22,'Theme','Forest',76
23,'Timezone','EST',11
24,'Language','French',25
25,'Language','English',41
26,'Language','German',81
27,'Timezone','EST',83
28,'Currency','GBP',65
29,'Currency','EUR',42
30,'Theme','Forest',92
31,'Language','German',31
32,'Currency','USD',99
33,'Timezone','UTC',18
34,'Currency','EUR',44
35,'Timezone','CST',85
36,'Theme','Light',51
37,'Currency','JPY',50
38,'Theme','Light',39
39,'Currency','JPY',99
40,'Currency','JPY',41
41,'Currency','USD',3
42,'Currency','USD',61
43,'Language','Spanish',20
44,'Language','French',45
45,'Timezone','EST',64
46,'Theme','Light',73
47,'Language','English',40
48,'Language','German',4
49,'Language','German',61
50,'Currency','JPY',68
51,'Language','Spanish',67
52,'Theme','Ocean',62
53,'Language','French',10
54,'Theme','Forest',65
55,'Theme','Dark',17
56,'Language','English',21
57,'Theme','Ocean',92
58,'Timezone','GMT',55
59,'Theme','Forest',67
60,'Language','English',2
61,'Language','French',4
62,'Timezone','GMT',44
63,'Theme','Light',13
64,'Timezone','PST',8
65,'Currency','USD',35
66,'Theme','Light',50
67,'Language','English',60
68,'Language','German',65
69,'Language','French',22
70,'Currency','GBP',46
71,'Theme','Light',58
72,'Timezone','CST',10
73,'Language','Spanish',66
74,'Language','Spanish',73
75,'Language','French',94
76,'Language','Spanish',19
77,'Timezone','EST',60
78,'Timezone','GMT',84
79,'Timezone','PST',85
80,'Language','Spanish',95
81,'Language','French',57
82,'Timezone','PST',42
83,'Timezone','EST',91
84,'Timezone','EST',22
85,'Language','French',5
86,'Theme','Forest',65
87,'Theme','Dark',93
88,'Theme','Forest',97
89,'Theme','Forest',70
90,'Currency','JPY',92
91,'Timezone','PST',55
92,'Currency','USD',21
93,'Theme','Light',73
94,'Language','English',71
95,'Currency','EUR',7
96,'Currency','EUR',20
97,'Currency','GBP',68
98,'Currency','USD',77
99,'Timezone','GMT',33
100,'Timezone','PST',80
